{"vertices":[{"x":-1.3692775964736939,"y":-1.0408029556274415,"z":0.0},{"x":-2.0050017833709719,"y":2.4009881019592287,"z":0.0},{"x":2.8650476932525636,"y":2.3074896335601808,"z":0.0},{"x":2.325984239578247,"y":-1.0300041437149048,"z":0.0}]}