{"vertices":[{"x":-1.3842778205871583,"y":-0.9608039855957031,"z":0.0},{"x":-2.0340018272399904,"y":2.5659875869750978,"z":0.0},{"x":2.9150476455688478,"y":2.417489528656006,"z":0.0},{"x":2.325984239578247,"y":-0.9620038270950317,"z":0.0}]}