{"vertices":[{"x":-1.3672775030136109,"y":-1.0098015069961548,"z":0.0},{"x":-2.002002000808716,"y":2.455984115600586,"z":0.0},{"x":2.8810465335845949,"y":2.2894909381866457,"z":0.0},{"x":2.2969863414764406,"y":-1.0310041904449463,"z":0.0}]}