{"vertices":[{"x":-1.3712776899337769,"y":-1.0058013200759888,"z":0.0},{"x":-2.021000623703003,"y":2.475982666015625,"z":0.0},{"x":2.8870460987091066,"y":2.3274881839752199,"z":0.0},{"x":2.2919867038726808,"y":-1.0130033493041993,"z":0.0}]}