{"id":[0,1,2],"color":[{"r":0.9750000238418579,"g":0.9369999766349793,"b":0.7020000219345093,"a":1.0},{"r":0.17100000381469727,"g":0.14800000190734864,"b":0.03700000047683716,"a":1.0},{"r":0.6930000185966492,"g":0.07999999821186066,"b":0.026000000536441804,"a":1.0}],"gridPosition":{"x":105.0,"y":0.0,"z":0.0},"dockPosition":{"x":0.0,"y":0.0,"z":-2.0}}