{"vertices":[{"x":-2.6709609031677248,"y":-3.5610203742980959,"z":0.0},{"x":-2.6569602489471437,"y":2.742976427078247,"z":0.0},{"x":2.790992498397827,"y":3.4129011631011965,"z":0.0},{"x":2.9119980335235597,"y":-3.9870200157165529,"z":0.0}]}