{"vertices":[{"x":-1.8080005645751954,"y":-3.8040027618408205,"z":0.0},{"x":-1.79399836063385,"y":1.4000022411346436,"z":0.0},{"x":2.7449958324432375,"y":1.9870030879974366,"z":0.0},{"x":2.8250043392181398,"y":-4.168006896972656,"z":0.0}]}